"planner","domain","problem","timesols","values"
"acoplan","transport","000",,
"acoplan","transport","001",,
"acoplan","transport","002",,
"acoplan","transport","003",,
"acoplan","transport","004",,
"acoplan","transport","005",,
"acoplan","transport","006",,
"acoplan","transport","007",,
"acoplan","transport","008",,
"acoplan","transport","009",,
"acoplan","transport","010",,
"acoplan","transport","011",,
"acoplan","transport","012",,
"acoplan","transport","013",,
"acoplan","transport","014",,
"acoplan","transport","015",,
"acoplan","transport","016",,
"acoplan","transport","017",,
"acoplan","transport","018",,
"acoplan","transport","019",,
"acoplan2","transport","000",,
"acoplan2","transport","001",,
"acoplan2","transport","002",,
"acoplan2","transport","003",,
"acoplan2","transport","004",,
"acoplan2","transport","005",,
"acoplan2","transport","006",,
"acoplan2","transport","007",,
"acoplan2","transport","008",,
"acoplan2","transport","009",,
"acoplan2","transport","010",,
"acoplan2","transport","011",,
"acoplan2","transport","012",,
"acoplan2","transport","013",,
"acoplan2","transport","014",,
"acoplan2","transport","015",,
"acoplan2","transport","016",,
"acoplan2","transport","017",,
"acoplan2","transport","018",,
"acoplan2","transport","019",,
"arvand","transport","000","7, 7, 8, 9, 12, 18, 52, 97, 170, 217","6636.0, 2243.0, 1637.0, 1453.0, 1413.0, 1394.0, 1366.0, 1282.0, 1263.0, 1227.0"
"arvand","transport","001","10, 10, 11, 14, 18, 26, 42, 74, 203, 922, 925, 933, 947","10814.0, 2516.0, 1987.0, 1883.0, 1815.0, 1741.0, 1709.0, 1659.0, 1589.0, 1549.0, 1523.0, 1515.0, 1481.0"
"arvand","transport","002","19, 19, 21, 24, 29, 40, 63, 109, 139, 144, 176, 219, 775, 776, 778, 790, 806","36875.0, 6896.0, 5899.0, 5820.0, 5787.0, 5782.0, 5650.0, 5462.0, 5461.0, 4955.0, 4942.0, 4836.0, 4379.0, 4039.0, 4010.0, 3966.0, 3962.0"
"arvand","transport","003","6, 6, 6, 9, 14, 22, 40, 74","26847.0, 4174.0, 3813.0, 3662.0, 3480.0, 3352.0, 3321.0, 3294.0"
"arvand","transport","004","11, 11, 12, 14, 18, 26, 42, 74, 319, 321, 324, 331, 345, 374","36984.0, 5266.0, 4729.0, 4607.0, 4553.0, 4521.0, 4301.0, 4269.0, 4003.0, 3979.0, 3966.0, 3954.0, 3947.0, 3901.0"
"arvand","transport","005","16, 16, 18, 21, 27, 63, 111, 151, 154, 168, 188, 227, 907, 944, 1167","41651.0, 6832.0, 5803.0, 5719.0, 5691.0, 5659.0, 5494.0, 4638.0, 4580.0, 4543.0, 4443.0, 4267.0, 4039.0, 4014.0, 3747.0"
"arvand","transport","006","77, 77, 79, 83, 92, 108, 141, 393, 401, 450, 513, 974, 978, 986, 1001, 1092","49824.0, 8388.0, 7387.0, 7328.0, 7266.0, 7242.0, 7190.0, 7177.0, 7164.0, 7149.0, 6893.0, 6544.0, 6499.0, 6442.0, 6398.0, 6344.0"
"arvand","transport","007","13, 13, 15, 18, 24, 35, 58, 105, 139, 149, 169, 207, 1268, 1270, 1274, 1283, 1300, 1334","10614.0, 2871.0, 2258.0, 2142.0, 2060.0, 2010.0, 1979.0, 1919.0, 1904.0, 1875.0, 1834.0, 1813.0, 1762.0, 1638.0, 1613.0, 1575.0, 1512.0, 1485.0"
"arvand","transport","008","29, 29, 32, 37, 46, 104","55117.0, 7366.0, 6597.0, 6573.0, 6501.0, 6281.0"
"arvand","transport","009","352, 352, 354, 358, 365, 381, 410, 470","79302.0, 7194.0, 6765.0, 6752.0, 6743.0, 6445.0, 6393.0, 6339.0"
"arvand","transport","010","18, 18, 20, 23, 30, 73, 125","11691.0, 2835.0, 2342.0, 2339.0, 2338.0, 2142.0, 2096.0"
"arvand","transport","011","14, 14, 16, 20, 27, 41, 69, 122, 893, 945","11841.0, 3083.0, 2274.0, 2105.0, 2044.0, 2016.0, 2004.0, 1933.0, 1913.0, 1898.0"
"arvand","transport","012","15, 16, 18, 22, 30, 46, 79","14967.0, 3671.0, 2898.0, 2749.0, 2692.0, 2650.0, 2599.0"
"arvand","transport","013",,
"arvand","transport","014",,
"arvand","transport","015",,
"arvand","transport","016",,
"arvand","transport","017","437, 437, 444, 456, 481, 529, 627","34846.0, 6560.0, 5902.0, 5801.0, 5772.0, 5749.0, 5717.0"
"arvand","transport","018",,
"arvand","transport","019","1485, 1486, 1499, 1520, 1561, 1641, 1799","40429.0, 7841.0, 6686.0, 6477.0, 6366.0, 6293.0, 6238.0"
"brt","transport","000","15","2261.0"
"brt","transport","001","18, 21, 25, 42, 89","1982.0, 1608.0, 1338.0, 1235.0, 1000.0"
"brt","transport","002","35","9065.0"
"brt","transport","003","28","7554.0"
"brt","transport","004","35","6524.0"
"brt","transport","005","45","6355.0"
"brt","transport","006","53","11317.0"
"brt","transport","007","23, 63, 74","2265.0, 1983.0, 1758.0"
"brt","transport","008","56","8940.0"
"brt","transport","009","30","8409.0"
"brt","transport","010","71, 127","2704.0, 2246.0"
"brt","transport","011","53","3080.0"
"brt","transport","012","32","3396.0"
"brt","transport","013",,
"brt","transport","014","1492","12147.0"
"brt","transport","015","1065","14977.0"
"brt","transport","016",,
"brt","transport","017","701","8432.0"
"brt","transport","018","957","8391.0"
"brt","transport","019",,
"cbp","transport","000","1, 11, 11, 834, 979, 980, 988","5034.0, 3091.0, 2525.0, 2487.0, 2478.0, 2415.0, 1930.0"
"cbp","transport","001","1, 16, 20, 36, 51, 1209, 1275, 1488","5479.0, 3461.0, 3416.0, 2904.0, 2597.0, 2540.0, 2394.0, 2303.0"
"cbp","transport","002","49, 63, 82, 119, 210","16351.0, 15274.0, 15081.0, 11297.0, 10198.0"
"cbp","transport","003","1, 6, 9, 14, 609, 1148, 1464","7704.0, 7700.0, 7633.0, 6578.0, 5809.0, 5092.0, 4992.0"
"cbp","transport","004","66, 70, 84, 85, 90, 90","15897.0, 15724.0, 13989.0, 13854.0, 13291.0, 13255.0"
"cbp","transport","005","41, 81, 170, 171, 172","11475.0, 10990.0, 10398.0, 8979.0, 8687.0"
"cbp","transport","006","21, 41, 283, 283, 322, 326","19711.0, 17353.0, 16778.0, 16664.0, 16515.0, 15190.0"
"cbp","transport","007","2, 18, 22","4381.0, 3735.0, 2996.0"
"cbp","transport","008",,
"cbp","transport","009","43, 130, 147","17080.0, 13132.0, 11852.0"
"cbp","transport","010","2, 38, 165, 168, 178","6485.0, 5925.0, 5334.0, 5248.0, 5183.0"
"cbp","transport","011","19, 23, 24, 130, 151","10562.0, 8075.0, 6102.0, 5259.0, 4783.0"
"cbp","transport","012","55, 61, 73, 87, 92, 393, 475, 593","11935.0, 11029.0, 10507.0, 10356.0, 8181.0, 8083.0, 7810.0, 7173.0"
"cbp","transport","013","1028","32742.0"
"cbp","transport","014",,
"cbp","transport","015",,
"cbp","transport","016","1253, 1356, 1562","45667.0, 45278.0, 36120.0"
"cbp","transport","017","34, 395, 540, 1470, 1769","18773.0, 18599.0, 16517.0, 14412.0, 13026.0"
"cbp","transport","018","55, 731, 835, 937","49492.0, 29591.0, 25086.0, 21320.0"
"cbp","transport","019","921","23939.0"
"cbp2","transport","000","5, 61, 81, 1664","2224.0, 2031.0, 1875.0, 1831.0"
"cbp2","transport","001","12, 127, 137, 147, 328","2176.0, 2080.0, 2002.0, 1909.0, 1905.0"
"cbp2","transport","002","15, 201, 213, 336","9077.0, 7826.0, 6973.0, 6873.0"
"cbp2","transport","003","1, 8, 19, 637, 644, 644, 645, 908","5912.0, 4865.0, 4831.0, 4747.0, 4486.0, 4482.0, 4363.0, 4340.0"
"cbp2","transport","004","3, 23, 34, 587, 620, 668, 729","6239.0, 6182.0, 5986.0, 5818.0, 5702.0, 5675.0, 5666.0"
"cbp2","transport","005","8, 83","6978.0, 5650.0"
"cbp2","transport","006","70, 104","7760.0, 7452.0"
"cbp2","transport","007","15, 239, 251","2280.0, 2263.0, 1850.0"
"cbp2","transport","008","19, 183, 209, 234, 351","9372.0, 8440.0, 8229.0, 7375.0, 7017.0"
"cbp2","transport","009","25, 362, 386","9150.0, 9057.0, 7851.0"
"cbp2","transport","010","25, 518, 582","3356.0, 3133.0, 2918.0"
"cbp2","transport","011","23, 357, 378, 577, 592, 726","3267.0, 3186.0, 3010.0, 2880.0, 2753.0, 2733.0"
"cbp2","transport","012","33, 480, 512, 795, 910","5003.0, 4006.0, 3859.0, 3730.0, 3448.0"
"cbp2","transport","013","142, 1248","10624.0, 9960.0"
"cbp2","transport","014","133, 1199, 1738","10445.0, 10028.0, 9989.0"
"cbp2","transport","015","112, 1157","11662.0, 11412.0"
"cbp2","transport","016","618","11564.0"
"cbp2","transport","017","504","8827.0"
"cbp2","transport","018","849","9058.0"
"cbp2","transport","019","726","8320.0"
"cpt4","transport","000",,
"cpt4","transport","001",,
"cpt4","transport","002",,
"cpt4","transport","003",,
"cpt4","transport","004",,
"cpt4","transport","005",,
"cpt4","transport","006",,
"cpt4","transport","007",,
"cpt4","transport","008",,
"cpt4","transport","009",,
"cpt4","transport","010",,
"cpt4","transport","011",,
"cpt4","transport","012",,
"cpt4","transport","013",,
"cpt4","transport","014",,
"cpt4","transport","015",,
"cpt4","transport","016",,
"cpt4","transport","017",,
"cpt4","transport","018",,
"cpt4","transport","019",,
"dae_yahsp","transport","000","12, 19, 22, 30, 31, 61, 69, 83, 84, 105, 109, 114, 147, 169, 393, 476, 479, 479, 504, 612, 1543, 1585","3840.0, 2738.0, 2573.0, 2415.0, 2010.0, 1987.0, 1883.0, 1850.0, 1827.0, 1806.0, 1763.0, 1654.0, 1594.0, 1590.0, 1586.0, 1575.0, 1574.0, 1547.0, 1535.0, 1512.0, 1505.0, 1498.0"
"dae_yahsp","transport","001","21, 31, 45, 46, 54, 75, 101, 147, 215, 269, 371, 384, 1387, 1523, 1639, 1721","2488.0, 2371.0, 2360.0, 2153.0, 2078.0, 1997.0, 1922.0, 1918.0, 1866.0, 1863.0, 1849.0, 1813.0, 1796.0, 1749.0, 1712.0, 1701.0"
"dae_yahsp","transport","002","33, 39, 59, 66, 97, 152, 153, 194, 212, 325, 404, 469, 489, 508, 614, 618, 739, 775, 798, 882, 923, 935, 936, 1020, 1162, 1183, 1274, 1279, 1308, 1385, 1398, 1419, 1489, 1533, 1603","9997.0, 8757.0, 8618.0, 8547.0, 8133.0, 7436.0, 7236.0, 6733.0, 6643.0, 6206.0, 6181.0, 5932.0, 5764.0, 5521.0, 5483.0, 5450.0, 5414.0, 5412.0, 5330.0, 5318.0, 5261.0, 5259.0, 5247.0, 5190.0, 5181.0, 5152.0, 5143.0, 5126.0, 5099.0, 5097.0, 5062.0, 5027.0, 5009.0, 4989.0, 4971.0"
"dae_yahsp","transport","003","15, 16, 26, 32, 52, 52, 57, 57, 69, 75, 76, 77, 77, 87, 107, 113, 116, 123, 128, 220, 225, 226, 229, 233, 250, 256, 316, 490, 706, 715, 1009, 1034, 1075, 1081, 1095, 1147","5323.0, 4053.0, 3685.0, 3665.0, 3660.0, 3627.0, 3550.0, 3464.0, 3431.0, 3428.0, 3426.0, 3422.0, 3417.0, 3408.0, 3406.0, 3401.0, 3400.0, 3392.0, 3391.0, 3329.0, 3324.0, 3309.0, 3279.0, 3259.0, 3243.0, 3217.0, 3201.0, 3149.0, 3142.0, 3105.0, 2892.0, 2834.0, 2821.0, 2664.0, 2650.0, 2618.0"
"dae_yahsp","transport","004","19, 34, 40, 46, 52, 71, 75, 93, 104, 110, 115, 117, 134, 149, 162, 169, 171, 187, 187, 193, 195, 201, 206, 210, 218, 552, 1352, 1369, 1377, 1388, 1417, 1425, 1428, 1540, 1631","5913.0, 5891.0, 5779.0, 5398.0, 4914.0, 4786.0, 4701.0, 4588.0, 4552.0, 4522.0, 4518.0, 4489.0, 4310.0, 4301.0, 4290.0, 4281.0, 4264.0, 4255.0, 4235.0, 4040.0, 4014.0, 4005.0, 4003.0, 3994.0, 3985.0, 3974.0, 3959.0, 3935.0, 3932.0, 3893.0, 3870.0, 3843.0, 3804.0, 3716.0, 3661.0"
"dae_yahsp","transport","005","44, 110, 118, 141, 148, 150, 211, 213, 220, 223, 231, 240, 246, 257, 294, 310, 349, 350, 564, 886, 1182, 1215, 1224, 1261, 1269, 1297, 1350, 1490, 1591","5752.0, 5730.0, 5418.0, 5261.0, 5181.0, 5146.0, 5131.0, 5111.0, 5102.0, 5098.0, 5073.0, 5017.0, 4914.0, 4795.0, 4780.0, 4504.0, 4502.0, 4489.0, 4486.0, 4480.0, 4394.0, 4384.0, 4119.0, 4112.0, 4106.0, 4052.0, 4027.0, 3985.0, 3974.0"
"dae_yahsp","transport","006","85, 92, 145, 283, 295, 357, 397, 463, 532, 612, 712, 790, 873, 1029","9112.0, 7245.0, 6651.0, 6506.0, 6462.0, 6364.0, 6119.0, 6025.0, 5975.0, 5798.0, 5790.0, 5748.0, 5740.0, 5683.0"
"dae_yahsp","transport","007","30, 62, 66, 388, 422, 437, 476, 558, 1184, 1280, 1366","2454.0, 2271.0, 2222.0, 2221.0, 2219.0, 2128.0, 2103.0, 2101.0, 2094.0, 2070.0, 2067.0"
"dae_yahsp","transport","008","106, 109, 398, 418, 422, 514, 641, 644, 745, 785, 856, 891, 1046, 1137","8652.0, 7193.0, 7032.0, 7028.0, 6712.0, 6666.0, 6495.0, 6449.0, 6418.0, 6372.0, 6361.0, 6090.0, 6038.0, 5863.0"
"dae_yahsp","transport","009","53, 54, 58, 100, 191, 251, 394, 509, 550","12225.0, 10989.0, 8150.0, 7828.0, 7180.0, 6701.0, 6304.0, 6288.0, 6145.0"
"dae_yahsp","transport","010","39, 56, 66, 73, 95, 98, 159, 159, 248, 254, 277, 310, 341, 390, 396, 460, 837, 960, 994, 1339","3458.0, 3452.0, 3400.0, 3388.0, 3350.0, 3081.0, 3036.0, 2657.0, 2649.0, 2629.0, 2619.0, 2595.0, 2486.0, 2477.0, 2439.0, 2316.0, 2276.0, 2240.0, 2238.0, 2139.0"
"dae_yahsp","transport","011","35, 53, 95, 149, 167, 237","3000.0, 2981.0, 2733.0, 2624.0, 2608.0, 2577.0"
"dae_yahsp","transport","012","44, 48, 49, 63, 68, 119, 173, 204, 237, 266, 293, 342, 435, 524, 741, 1084, 1228","5729.0, 4520.0, 4372.0, 4249.0, 3902.0, 3737.0, 3714.0, 3686.0, 3671.0, 3637.0, 3467.0, 3375.0, 3334.0, 2991.0, 2935.0, 2900.0, 2860.0"
"dae_yahsp","transport","013","668","9004.0"
"dae_yahsp","transport","014","630, 657, 985, 1095, 1162, 1430, 1436, 1513, 1553","12162.0, 8917.0, 8606.0, 8490.0, 8156.0, 8107.0, 8079.0, 7346.0, 7209.0"
"dae_yahsp","transport","015","730, 1026, 1062, 1580, 1718","12489.0, 12379.0, 10721.0, 8217.0, 7533.0"
"dae_yahsp","transport","016","780, 799, 958, 1014, 1470, 1516, 1763","17552.0, 11239.0, 11151.0, 10925.0, 10884.0, 9511.0, 9466.0"
"dae_yahsp","transport","017","671, 828, 859, 883, 1173, 1216, 1432, 1797","11566.0, 10515.0, 9566.0, 8205.0, 7732.0, 7313.0, 7226.0, 6659.0"
"dae_yahsp","transport","018","879, 904, 1021, 1057, 1362, 1636, 1649, 1724, 1731","12353.0, 10484.0, 10375.0, 8975.0, 8392.0, 8391.0, 8245.0, 8176.0, 8011.0"
"dae_yahsp","transport","019","1005, 1037, 1143, 1217","11738.0, 9618.0, 8487.0, 6891.0"
"fd-autotune-1","transport","000","7, 13, 18","1988.0, 1362.0, 1246.0"
"fd-autotune-1","transport","001","9","1531.0"
"fd-autotune-1","transport","002","16, 34, 65","5728.0, 4797.0, 3531.0"
"fd-autotune-1","transport","003","6, 8, 12, 77, 184, 299, 402, 505, 607, 708, 817","4753.0, 4439.0, 3136.0, 3129.0, 3119.0, 3070.0, 3062.0, 3056.0, 3029.0, 3026.0, 3017.0"
"fd-autotune-1","transport","004","12","5050.0"
"fd-autotune-1","transport","005","11, 19, 45, 160, 288, 499, 662, 881","5350.0, 5256.0, 4846.0, 4736.0, 4659.0, 4414.0, 4283.0, 4249.0"
"fd-autotune-1","transport","006",,
"fd-autotune-1","transport","007","13, 22, 33","2074.0, 1781.0, 1500.0"
"fd-autotune-1","transport","008",,
"fd-autotune-1","transport","009","32, 51","7960.0, 5798.0"
"fd-autotune-1","transport","010","23, 47, 69","2825.0, 2138.0, 1844.0"
"fd-autotune-1","transport","011","19, 39, 55","2780.0, 2429.0, 1841.0"
"fd-autotune-1","transport","012","22, 54, 103","3680.0, 2909.0, 2705.0"
"fd-autotune-1","transport","013",,
"fd-autotune-1","transport","014",,
"fd-autotune-1","transport","015",,
"fd-autotune-1","transport","016",,
"fd-autotune-1","transport","017",,
"fd-autotune-1","transport","018",,
"fd-autotune-1","transport","019",,
"fd-autotune-2","transport","000","10, 14, 876, 890, 1056, 1309, 1520","1211.0, 1170.0, 1100.0, 1088.0, 1034.0, 1017.0, 1014.0"
"fd-autotune-2","transport","001","9","1319.0"
"fd-autotune-2","transport","002","232, 493, 513","4149.0, 4091.0, 3398.0"
"fd-autotune-2","transport","003","380, 405","5691.0, 4002.0"
"fd-autotune-2","transport","004","297, 530","6299.0, 6032.0"
"fd-autotune-2","transport","005",,
"fd-autotune-2","transport","006",,
"fd-autotune-2","transport","007","13, 23, 44, 52, 326, 692, 1234","1602.0, 1551.0, 1517.0, 1452.0, 1429.0, 1424.0, 1411.0"
"fd-autotune-2","transport","008",,
"fd-autotune-2","transport","009","40, 88, 112, 137, 164, 192, 683, 1198","5563.0, 5090.0, 4817.0, 4794.0, 4760.0, 4734.0, 4719.0, 4690.0"
"fd-autotune-2","transport","010","22, 111, 707","2002.0, 1971.0, 1315.0"
"fd-autotune-2","transport","011","25, 50, 91","2199.0, 2118.0, 1905.0"
"fd-autotune-2","transport","012","43, 216","2391.0, 2388.0"
"fd-autotune-2","transport","013",,
"fd-autotune-2","transport","014",,
"fd-autotune-2","transport","015",,
"fd-autotune-2","transport","016",,
"fd-autotune-2","transport","017",,
"fd-autotune-2","transport","018",,
"fd-autotune-2","transport","019",,
"fdss-1","transport","000","8, 10, 220, 978, 1075, 1578","1653.0, 1438.0, 1421.0, 1415.0, 1409.0, 1371.0"
"fdss-1","transport","001","10, 302","1474.0, 1247.0"
"fdss-1","transport","002","15, 778, 1151","4520.0, 4161.0, 3879.0"
"fdss-1","transport","003","5, 6, 716, 995, 1195","4481.0, 4413.0, 4410.0, 4369.0, 3692.0"
"fdss-1","transport","004","8, 716","5820.0, 4298.0"
"fdss-1","transport","005","11, 736","5775.0, 5451.0"
"fdss-1","transport","006","16, 769","7490.0, 6754.0"
"fdss-1","transport","007","16, 21, 231, 969, 1686","2116.0, 1969.0, 1525.0, 1524.0, 1488.0"
"fdss-1","transport","008","23","7803.0"
"fdss-1","transport","009","21, 29, 710","7175.0, 5990.0, 5120.0"
"fdss-1","transport","010","16, 1127, 1213","1972.0, 1916.0, 1845.0"
"fdss-1","transport","011","20, 29, 1120, 1607","2741.0, 2091.0, 2065.0, 1835.0"
"fdss-1","transport","012","23, 294, 1048","2437.0, 2373.0, 2364.0"
"fdss-1","transport","013",,
"fdss-1","transport","014",,
"fdss-1","transport","015",,
"fdss-1","transport","016","1658","6163.0"
"fdss-1","transport","017","1075","5043.0"
"fdss-1","transport","018",,
"fdss-1","transport","019",,
"fdss-2","transport","000","17","1847.0"
"fdss-2","transport","001","169, 341","1815.0, 1807.0"
"fdss-2","transport","002","387","5039.0"
"fdss-2","transport","003","170","5550.0"
"fdss-2","transport","004","379, 398","6973.0, 6137.0"
"fdss-2","transport","005","1088","5157.0"
"fdss-2","transport","006","1174","9338.0"
"fdss-2","transport","007","103","1995.0"
"fdss-2","transport","008","1183","8817.0"
"fdss-2","transport","009","283","8663.0"
"fdss-2","transport","010","394","2516.0"
"fdss-2","transport","011","257","2970.0"
"fdss-2","transport","012","387","3298.0"
"fdss-2","transport","013",,
"fdss-2","transport","014",,
"fdss-2","transport","015",,
"fdss-2","transport","016","1722","6111.0"
"fdss-2","transport","017","1691, 1728","5409.0, 5154.0"
"fdss-2","transport","018",,
"fdss-2","transport","019",,
"forkuniform","transport","000","8, 80","2447.0, 1620.0"
"forkuniform","transport","001","10, 72","2338.0, 1405.0"
"forkuniform","transport","002","13","4823.0"
"forkuniform","transport","003","6","5942.0"
"forkuniform","transport","004","553","3873.0"
"forkuniform","transport","005","1005","3401.0"
"forkuniform","transport","006",,
"forkuniform","transport","007","13, 115","1931.0, 1859.0"
"forkuniform","transport","008",,
"forkuniform","transport","009","21","9451.0"
"forkuniform","transport","010",,
"forkuniform","transport","011","18","3092.0"
"forkuniform","transport","012","27","5073.0"
"forkuniform","transport","013",,
"forkuniform","transport","014",,
"forkuniform","transport","015",,
"forkuniform","transport","016",,
"forkuniform","transport","017",,
"forkuniform","transport","018",,
"forkuniform","transport","019",,
"lama-2008","transport","000","8, 17","1228.0, 1050.0"
"lama-2008","transport","001","10, 14, 30","1353.0, 1227.0, 996.0"
"lama-2008","transport","002","15","3313.0"
"lama-2008","transport","003","7","5135.0"
"lama-2008","transport","004","11","5481.0"
"lama-2008","transport","005","14","4320.0"
"lama-2008","transport","006","78","6652.0"
"lama-2008","transport","007","13, 255, 321, 589","1435.0, 1399.0, 1343.0, 1211.0"
"lama-2008","transport","008","42","6786.0"
"lama-2008","transport","009","32","5943.0"
"lama-2008","transport","010","17","1547.0"
"lama-2008","transport","011","28","1929.0"
"lama-2008","transport","012",,
"lama-2008","transport","013","253","7925.0"
"lama-2008","transport","014","556","7192.0"
"lama-2008","transport","015","205","6951.0"
"lama-2008","transport","016","948","6166.0"
"lama-2008","transport","017","262","5381.0"
"lama-2008","transport","018","818","5716.0"
"lama-2008","transport","019","503","5831.0"
"lama-2011","transport","000","8","1485.0"
"lama-2011","transport","001","10, 13, 16, 21, 28","1323.0, 1322.0, 1247.0, 1180.0, 1010.0"
"lama-2011","transport","002","15","3882.0"
"lama-2011","transport","003","11, 14","4459.0, 3741.0"
"lama-2011","transport","004","14, 19","4864.0, 4805.0"
"lama-2011","transport","005","31, 55","6338.0, 5415.0"
"lama-2011","transport","006","580, 606","8396.0, 7222.0"
"lama-2011","transport","007","14","1452.0"
"lama-2011","transport","008","177","6479.0"
"lama-2011","transport","009","22, 40","5730.0, 5641.0"
"lama-2011","transport","010","20","2113.0"
"lama-2011","transport","011","19","1947.0"
"lama-2011","transport","012","43","2932.0"
"lama-2011","transport","013","348, 639","9737.0, 8493.0"
"lama-2011","transport","014","928, 1024","7028.0, 6909.0"
"lama-2011","transport","015",,
"lama-2011","transport","016","770","5899.0"
"lama-2011","transport","017","353","5690.0"
"lama-2011","transport","018","356","5777.0"
"lama-2011","transport","019","620","4435.0"
"lamar","transport","000","8, 23, 85","1727.0, 1492.0, 1244.0"
"lamar","transport","001","14, 19, 44, 90","1813.0, 1269.0, 1233.0, 1032.0"
"lamar","transport","002","36, 235","7998.0, 5217.0"
"lamar","transport","003","14","5323.0"
"lamar","transport","004","64","10379.0"
"lamar","transport","005","29","5009.0"
"lamar","transport","006",,
"lamar","transport","007","26, 180, 231, 456","2602.0, 2360.0, 1903.0, 1526.0"
"lamar","transport","008",,
"lamar","transport","009","110","7095.0"
"lamar","transport","010","47, 145","2734.0, 2404.0"
"lamar","transport","011","47, 217","2920.0, 2667.0"
"lamar","transport","012","105, 392","5541.0, 3436.0"
"lamar","transport","013","554","11760.0"
"lamar","transport","014","554","10581.0"
"lamar","transport","015","1008","13078.0"
"lamar","transport","016",,
"lamar","transport","017",,
"lamar","transport","018",,
"lamar","transport","019",,
"lprpgp","transport","000",,
"lprpgp","transport","001",,
"lprpgp","transport","002",,
"lprpgp","transport","003",,
"lprpgp","transport","004",,
"lprpgp","transport","005",,
"lprpgp","transport","006",,
"lprpgp","transport","007",,
"lprpgp","transport","008",,
"lprpgp","transport","009",,
"lprpgp","transport","010",,
"lprpgp","transport","011",,
"lprpgp","transport","012",,
"lprpgp","transport","013",,
"lprpgp","transport","014",,
"lprpgp","transport","015",,
"lprpgp","transport","016",,
"lprpgp","transport","017",,
"lprpgp","transport","018",,
"lprpgp","transport","019",,
"madagascar","transport","000",,
"madagascar","transport","001",,
"madagascar","transport","002",,
"madagascar","transport","003",,
"madagascar","transport","004",,
"madagascar","transport","005",,
"madagascar","transport","006",,
"madagascar","transport","007",,
"madagascar","transport","008",,
"madagascar","transport","009",,
"madagascar","transport","010",,
"madagascar","transport","011",,
"madagascar","transport","012",,
"madagascar","transport","013",,
"madagascar","transport","014",,
"madagascar","transport","015",,
"madagascar","transport","016",,
"madagascar","transport","017",,
"madagascar","transport","018",,
"madagascar","transport","019",,
"madagascar-p","transport","000","372","2707.0"
"madagascar-p","transport","001",,
"madagascar-p","transport","002",,
"madagascar-p","transport","003","12","11720.0"
"madagascar-p","transport","004",,
"madagascar-p","transport","005",,
"madagascar-p","transport","006",,
"madagascar-p","transport","007",,
"madagascar-p","transport","008",,
"madagascar-p","transport","009",,
"madagascar-p","transport","010",,
"madagascar-p","transport","011",,
"madagascar-p","transport","012",,
"madagascar-p","transport","013",,
"madagascar-p","transport","014",,
"madagascar-p","transport","015",,
"madagascar-p","transport","016",,
"madagascar-p","transport","017",,
"madagascar-p","transport","018",,
"madagascar-p","transport","019",,
"popf2","transport","000",,
"popf2","transport","001",,
"popf2","transport","002",,
"popf2","transport","003",,
"popf2","transport","004",,
"popf2","transport","005",,
"popf2","transport","006",,
"popf2","transport","007",,
"popf2","transport","008",,
"popf2","transport","009",,
"popf2","transport","010",,
"popf2","transport","011",,
"popf2","transport","012",,
"popf2","transport","013",,
"popf2","transport","014",,
"popf2","transport","015",,
"popf2","transport","016",,
"popf2","transport","017",,
"popf2","transport","018",,
"popf2","transport","019",,
"probe","transport","000","10","1960.0"
"probe","transport","001","21","2390.0"
"probe","transport","002","40","7471.0"
"probe","transport","003","6","7184.0"
"probe","transport","004","13","7814.0"
"probe","transport","005","38","8107.0"
"probe","transport","006","46","11208.0"
"probe","transport","007","25","1846.0"
"probe","transport","008","51","9599.0"
"probe","transport","009","71","11753.0"
"probe","transport","010","38","2811.0"
"probe","transport","011","32","2622.0"
"probe","transport","012","45","3390.0"
"probe","transport","013","705","14735.0"
"probe","transport","014","737","12859.0"
"probe","transport","015","785","16175.0"
"probe","transport","016","927","13376.0"
"probe","transport","017","472","8516.0"
"probe","transport","018","645","10389.0"
"probe","transport","019","645","8725.0"
"randward","transport","000","11, 18, 106","3148.0, 1790.0, 1148.0"
"randward","transport","001","15, 41, 93, 765","3774.0, 2280.0, 1703.0, 1346.0"
"randward","transport","002","106, 1208","11075.0, 5508.0"
"randward","transport","003","23","11415.0"
"randward","transport","004","84","12464.0"
"randward","transport","005",,
"randward","transport","006",,
"randward","transport","007","32, 536, 642","4507.0, 2602.0, 1813.0"
"randward","transport","008",,
"randward","transport","009",,
"randward","transport","010","43, 551","5268.0, 3098.0"
"randward","transport","011","45, 336","4731.0, 2944.0"
"randward","transport","012",,
"randward","transport","013",,
"randward","transport","014",,
"randward","transport","015",,
"randward","transport","016",,
"randward","transport","017",,
"randward","transport","018",,
"randward","transport","019",,
"roamer","transport","000","12, 21","1300.0, 1050.0"
"roamer","transport","001","10, 13, 30","1283.0, 1134.0, 996.0"
"roamer","transport","002","14","3275.0"
"roamer","transport","003","10","5841.0"
"roamer","transport","004","13","5553.0"
"roamer","transport","005","56","4681.0"
"roamer","transport","006","142","7403.0"
"roamer","transport","007","12, 258, 326, 601","1401.0, 1399.0, 1343.0, 1211.0"
"roamer","transport","008","45","6806.0"
"roamer","transport","009","23","5445.0"
"roamer","transport","010","18","1901.0"
"roamer","transport","011","25, 168, 463","2208.0, 2206.0, 1915.0"
"roamer","transport","012","113","2746.0"
"roamer","transport","013","253","7940.0"
"roamer","transport","014","1118","6924.0"
"roamer","transport","015",,
"roamer","transport","016","472","5209.0"
"roamer","transport","017","376","3902.0"
"roamer","transport","018","496","5257.0"
"roamer","transport","019","325","4793.0"
"satplanlm-c","transport","000",,
"satplanlm-c","transport","001",,
"satplanlm-c","transport","002",,
"satplanlm-c","transport","003",,
"satplanlm-c","transport","004",,
"satplanlm-c","transport","005",,
"satplanlm-c","transport","006",,
"satplanlm-c","transport","007",,
"satplanlm-c","transport","008",,
"satplanlm-c","transport","009",,
"satplanlm-c","transport","010",,
"satplanlm-c","transport","011",,
"satplanlm-c","transport","012",,
"satplanlm-c","transport","013",,
"satplanlm-c","transport","014",,
"satplanlm-c","transport","015",,
"satplanlm-c","transport","016",,
"satplanlm-c","transport","017",,
"satplanlm-c","transport","018",,
"satplanlm-c","transport","019",,
"sharaabi","transport","000","1027",
"sharaabi","transport","001","1045",
"sharaabi","transport","002","1045",
"sharaabi","transport","003","1015",
"sharaabi","transport","004","1021",
"sharaabi","transport","005","1033",
"sharaabi","transport","006","1045",
"sharaabi","transport","007","1080",
"sharaabi","transport","008","1125",
"sharaabi","transport","009","1131",
"sharaabi","transport","010","1172",
"sharaabi","transport","011","1063",
"sharaabi","transport","012","1056",
"sharaabi","transport","013","1595",
"sharaabi","transport","014","1433",
"sharaabi","transport","015","1692",
"sharaabi","transport","016","1164",
"sharaabi","transport","017","1194",
"sharaabi","transport","018","1379",
"sharaabi","transport","019","1621",
"yahsp2","transport","000","0","2175.0"
"yahsp2","transport","001","1, 517, 883","2040.0, 1978.0, 1975.0"
"yahsp2","transport","002","0","9398.0"
"yahsp2","transport","003","1","5235.0"
"yahsp2","transport","004","0","6376.0"
"yahsp2","transport","005","0, 0","6940.0, 6145.0"
"yahsp2","transport","006","1, 1","8277.0, 7804.0"
"yahsp2","transport","007","0","2615.0"
"yahsp2","transport","008","1","7975.0"
"yahsp2","transport","009","0","9148.0"
"yahsp2","transport","010","1, 1, 1, 127","3409.0, 3385.0, 3384.0, 3376.0"
"yahsp2","transport","011","1, 162","3471.0, 3461.0"
"yahsp2","transport","012","1","5522.0"
"yahsp2","transport","013","2","9623.0"
"yahsp2","transport","014","2","11461.0"
"yahsp2","transport","015","5, 6","18882.0, 9253.0"
"yahsp2","transport","016","3, 4, 5, 6","12391.0, 12217.0, 12214.0, 12180.0"
"yahsp2","transport","017","3, 3","8843.0, 7561.0"
"yahsp2","transport","018","4","9069.0"
"yahsp2","transport","019","10, 1683","10007.0, 9123.0"
"yahsp2-mt","transport","000","0","2175.0"
"yahsp2-mt","transport","001","0, 0, 110, 110, 112","2040.0, 1978.0, 1964.0, 1962.0, 1961.0"
"yahsp2-mt","transport","002","0","9398.0"
"yahsp2-mt","transport","003","0, 0, 0, 0, 0, 0, 1, 1, 1, 1, 1, 3, 9, 60, 60, 60","5235.0, 4949.0, 4912.0, 4907.0, 4906.0, 4904.0, 4895.0, 4894.0, 4890.0, 4889.0, 4887.0, 4886.0, 4884.0, 4870.0, 4866.0, 4854.0"
"yahsp2-mt","transport","004","0, 21, 22, 22","6376.0, 5981.0, 5977.0, 5973.0"
"yahsp2-mt","transport","005","1, 1, 1, 1, 2, 2, 2, 143, 146, 146, 146, 147, 147","6940.0, 6292.0, 6161.0, 5912.0, 5906.0, 5889.0, 5878.0, 5784.0, 5719.0, 5699.0, 5698.0, 5697.0, 5686.0"
"yahsp2-mt","transport","006","1, 1, 1, 1","8277.0, 8265.0, 7621.0, 7609.0"
"yahsp2-mt","transport","007","0","2615.0"
"yahsp2-mt","transport","008","0, 60, 211, 211, 211","7975.0, 7731.0, 7672.0, 7669.0, 7656.0"
"yahsp2-mt","transport","009","1","9148.0"
"yahsp2-mt","transport","010","0, 1, 1, 1, 1, 1","3409.0, 3388.0, 3374.0, 3234.0, 3233.0, 3127.0"
"yahsp2-mt","transport","011","1, 2, 2, 3, 4, 4, 4, 4, 9","3471.0, 3468.0, 3463.0, 3461.0, 3460.0, 3341.0, 3298.0, 2962.0, 2960.0"
"yahsp2-mt","transport","012","1, 1, 1, 1, 4, 9, 9","5522.0, 4301.0, 4294.0, 4165.0, 4152.0, 4114.0, 4102.0"
"yahsp2-mt","transport","013","1, 143","9623.0, 9604.0"
"yahsp2-mt","transport","014","2, 2, 3, 4, 4, 4","11477.0, 11472.0, 11471.0, 11463.0, 11412.0, 11310.0"
"yahsp2-mt","transport","015","5, 10, 20, 22, 25, 34, 35","10112.0, 9473.0, 9449.0, 9355.0, 9314.0, 9249.0, 9225.0"
"yahsp2-mt","transport","016","3, 6, 6, 6, 8","12391.0, 12217.0, 12209.0, 12203.0, 12180.0"
"yahsp2-mt","transport","017","3, 4, 4, 17, 17, 19, 19, 37","8843.0, 7577.0, 7485.0, 7415.0, 7399.0, 7366.0, 7365.0, 7364.0"
"yahsp2-mt","transport","018","4, 35","9069.0, 9063.0"
"yahsp2-mt","transport","019","6","9123.0"
